HOME_TEAM,AWAY_TEAM,GAME NUMBER,FIRST_INDEX,LAST_INDEX
Bulls,Cavaliers,1.0,0.0,69.0
Magic,Wizards,2.0,70.0,149.0
Celtics,76ers,3.0,150.0,224.0
Pistons,Jazz,4.0,225.0,301.0
Pacers,Raptors,5.0,302.0,396.0
Thunder,Spurs,6.0,397.0,475.0
Clippers,Kings,7.0,476.0,545.0
Lakers,Timberwolves,8.0,546.0,624.0
Pacers,Grizzlies,9.0,625.0,690.0
Thunder,Magic,10.0,691.0,773.0
Bulls,Pistons,11.0,774.0,830.0
Bucks,Wizards,12.0,831.0,904.0
Nuggets,Timberwolves,13.0,905.0,976.0
Knicks,Wizards,14.0,977.0,1051.0
Suns,Trail Blazers,15.0,1052.0,1127.0
Clippers,Kings,16.0,1128.0,1201.0
Hawks,Hornets,17.0,1202.0,1283.0
Celtics,Spurs,18.0,1284.0,1361.0
Rockets,Heat,19.0,1362.0,1416.0
Nets,Bucks,20.0,1417.0,1493.0
Knicks,Spurs,21.0,1494.0,1569.0
Rockets,Thunder,22.0,1570.0,1642.0
Timberwolves,Trail Blazers,23.0,1643.0,1725.0
Clippers,Suns,24.0,1726.0,1823.0
Hawks,Heat,25.0,1824.0,1911.0
Pelicans,Magic,26.0,1912.0,1973.0
Mavericks,Raptors,27.0,1974.0,2051.0
Nuggets,Lakers,28.0,2052.0,2119.0
Celtics,Pacers,29.0,2120.0,2196.0
Spurs,Wizards,30.0,2197.0,2262.0
Hawks,Nets,31.0,2263.0,2331.0
Cavaliers,Knicks,32.0,2332.0,2382.0
Rockets,Magic,33.0,2383.0,2462.0
Bucks,76ers,34.0,2463.0,2527.0
Thunder,Raptors,35.0,2528.0,2604.0
Trail Blazers,Jazz,36.0,2605.0,2669.0
Warriors,Clippers,37.0,2670.0,2758.0
Bulls,Thunder,38.0,2759.0,2809.0
Nuggets,Jazz,39.0,2810.0,2887.0
Magic,Raptors,40.0,2888.0,2941.0
Nets,Lakers,41.0,2942.0,3032.0
Bucks,Knicks,42.0,3033.0,3107.0
Pacers,Heat,43.0,3108.0,3203.0
Hawks,Pelicans,44.0,3204.0,3283.0
Pistons,Suns,45.0,3284.0,3378.0
Rockets,Kings,46.0,3379.0,3449.0
Bulls,Timberwolves,47.0,3450.0,3535.0
Hawks,Wizards,48.0,3536.0,3606.0
Magic,76ers,49.0,3607.0,3714.0
Warriors,Kings,50.0,3715.0,3781.0
Rockets,Clippers,51.0,3782.0,3890.0
Cavaliers,Pacers,52.0,3891.0,3973.0
Lakers,Knicks,53.0,3974.0,4066.0
Pistons,Trail Blazers,54.0,4067.0,4133.0
Pacers,Magic,55.0,4134.0,4190.0
Hawks,Timberwolves,56.0,4191.0,4262.0
Nuggets,Trail Blazers,57.0,4263.0,4336.0
Clippers,Grizzlies,58.0,4337.0,4444.0
Cavaliers,Jazz,59.0,4445.0,4556.0
Knicks,Raptors,60.0,4557.0,4651.0
Hornets,Knicks,61.0,4652.0,4719.0
Lakers,Magic,62.0,4720.0,4785.0
Celtics,Pacers,63.0,4786.0,4843.0
Hawks,Pelicans,64.0,4844.0,4909.0
Mavericks,Clippers,65.0,4910.0,5005.0
Nets,Rockets,66.0,5006.0,5077.0
Nuggets,Bucks,67.0,5078.0,5148.0
Pistons,Kings,68.0,5149.0,5217.0
Heat,Jazz,69.0,5218.0,5316.0
Warriors,Timberwolves,70.0,5317.0,5395.0
Pacers,Timberwolves,71.0,5396.0,5473.0
Hawks,Celtics,72.0,5474.0,5527.0
Cavaliers,Knicks,73.0,5528.0,5594.0
Hornets,Bulls,74.0,5595.0,5662.0
Grizzlies,Trail Blazers,75.0,5663.0,5753.0
Mavericks,Lakers,76.0,5754.0,5836.0
Nuggets,Rockets,77.0,5837.0,5911.0
Nets,Kings,78.0,5912.0,6014.0
Pistons,Clippers,79.0,6015.0,6099.0
Magic,Wizards,80.0,6100.0,6169.0
Cavaliers,Bucks,81.0,6170.0,6239.0
76ers,Spurs,82.0,6240.0,6312.0
Nets,Warriors,83.0,6313.0,6398.0
Pelicans,Knicks,84.0,6399.0,6457.0
Grizzlies,Timberwolves,85.0,6458.0,6540.0
Hornets,Trail Blazers,86.0,6541.0,6616.0
Hawks,Jazz,87.0,6617.0,6668.0
Kings,Raptors,88.0,6669.0,6731.0
Pistons,Lakers,89.0,6732.0,6812.0
Mavericks,76ers,90.0,6813.0,6884.0
Bulls,Pacers,91.0,6885.0,6962.0
Grizzlies,Thunder,92.0,6963.0,7039.0
Trail Blazers,Spurs,93.0,7040.0,7089.0
Hawks,Nets,94.0,7090.0,7169.0
Cavaliers,Pistons,95.0,7170.0,7254.0
Heat,Timberwolves,96.0,7255.0,7339.0
Hornets,Knicks,97.0,7340.0,7405.0
Nuggets,Pelicans,98.0,7406.0,7458.0
Warriors,Raptors,99.0,7459.0,7554.0
Nets,Hornets,100.0,7555.0,7647.0
Timberwolves,Magic,101.0,7648.0,7730.0
Celtics,Mavericks,102.0,7731.0,7820.0
Hawks,Kings,103.0,7821.0,7887.0
Rockets,Trail Blazers,104.0,7888.0,7983.0
Pelicans,Thunder,105.0,7984.0,8062.0
Raptors,Jazz,106.0,8063.0,8137.0
Bulls,Suns,107.0,8138.0,8193.0
Warriors,Clippers,108.0,8194.0,8251.0
Pistons,Timberwolves,109.0,8252.0,8314.0
Pelicans,Spurs,110.0,8315.0,8370.0
Mavericks,Jazz,111.0,8371.0,8428.0
Nuggets,Suns,112.0,8429.0,8496.0
Clippers,Trail Blazers,113.0,8497.0,8578.0
Bulls,Warriors,114.0,8579.0,8643.0
Magic,Kings,115.0,8644.0,8709.0
Pistons,Wizards,116.0,8710.0,8787.0
Heat,76ers,117.0,8788.0,8870.0
Rockets,Knicks,118.0,8871.0,8964.0
Clippers,Raptors,119.0,8965.0,9037.0
Nets,Celtics,120.0,9038.0,9127.0
Pelicans,Suns,121.0,9128.0,9222.0
Mavericks,Thunder,122.0,9223.0,9312.0
Lakers,Trail Blazers,123.0,9313.0,9382.0
Timberwolves,76ers,124.0,9383.0,9459.0
Suns,Spurs,125.0,9460.0,9514.0
Mavericks,Grizzlies,126.0,9515.0,9597.0
Bulls,Trail Blazers,127.0,9598.0,9698.0
Hornets,Wizards,128.0,9699.0,9762.0
Cavaliers,Raptors,129.0,9763.0,9823.0
Rockets,Grizzlies,130.0,9824.0,9885.0
Bucks,Kings,131.0,9886.0,9974.0
Hawks,Timberwolves,132.0,9975.0,10060.0
Nets,Thunder,133.0,10061.0,10112.0
Mavericks,Spurs,134.0,10113.0,10171.0
Pelicans,Suns,135.0,10172.0,10262.0
Clippers,Jazz,136.0,10263.0,10316.0
Hornets,Cavaliers,137.0,10317.0,10388.0
Bulls,Pacers,138.0,10389.0,10468.0
Rockets,76ers,139.0,10469.0,10574.0
Hawks,Grizzlies,140.0,10575.0,10646.0
Timberwolves,Kings,141.0,10647.0,10712.0
Raptors,Wizards,142.0,10713.0,10791.0
Nets,Cavaliers,143.0,10792.0,10869.0
Pelicans,Jazz,144.0,10870.0,10919.0
Lakers,Trail Blazers,145.0,10920.0,10990.0
Hornets,Bucks,146.0,10991.0,11043.0
Clippers,Timberwolves,147.0,11044.0,11119.0
Nets,Pistons,148.0,11120.0,11194.0
Suns,Raptors,149.0,11195.0,11279.0
Grizzlies,76ers,150.0,11280.0,11360.0
Rockets,Knicks,151.0,11361.0,11418.0
Pacers,Lakers,152.0,11419.0,11517.0
Pistons,Rockets,153.0,11518.0,11609.0
Celtics,Heat,154.0,11610.0,11689.0
Hawks,Thunder,155.0,11690.0,11773.0
Bulls,Spurs,156.0,11774.0,11842.0
Warriors,Jazz,157.0,11843.0,11899.0
Mavericks,Kings,158.0,11900.0,11968.0
Nets,Suns,159.0,11969.0,12033.0
Timberwolves,Magic,160.0,12034.0,12126.0
Grizzlies,Pelicans,161.0,12127.0,12187.0
Mavericks,Trail Blazers,162.0,12188.0,12253.0
Lakers,Wizards,163.0,12254.0,12337.0
Hawks,Raptors,164.0,12338.0,12416.0
Bulls,Nuggets,165.0,12417.0,12506.0
Rockets,Pelicans,166.0,12507.0,12589.0
Heat,Thunder,167.0,12590.0,12665.0
Nuggets,Raptors,168.0,12666.0,12763.0
Magic,Jazz,169.0,12764.0,12826.0
Pacers,Trail Blazers,170.0,12827.0,12888.0
Suns,Wizards,171.0,12889.0,12984.0
Pistons,Bucks,172.0,12985.0,13084.0
Hawks,Lakers,173.0,13085.0,13150.0
Mavericks,Rockets,174.0,13151.0,13222.0
Nuggets,76ers,175.0,13223.0,13304.0
Warriors,Raptors,176.0,13305.0,13396.0
Hornets,Bulls,177.0,13397.0,13480.0
Rockets,Kings,178.0,13481.0,13564.0
Timberwolves,Trail Blazers,179.0,13565.0,13644.0
Pacers,Jazz,180.0,13645.0,13749.0
Clippers,Magic,181.0,13750.0,13825.0
Grizzlies,Suns,182.0,13826.0,13912.0
Mavericks,Wizards,183.0,13913.0,13965.0
Thunder,Kings,184.0,13966.0,14060.0
Heat,Wizards,185.0,14061.0,14126.0
Lakers,Raptors,186.0,14127.0,14191.0
Bulls,Suns,187.0,14192.0,14281.0
Bucks,Trail Blazers,188.0,14282.0,14378.0
Clippers,Timberwolves,189.0,14379.0,14505.0
Cavaliers,Trail Blazers,190.0,14506.0,14581.0
Nets,Rockets,191.0,14582.0,14648.0
Nuggets,Magic,192.0,14649.0,14725.0
Kings,Jazz,193.0,14726.0,14805.0
Celtics,Bulls,194.0,14806.0,14922.0
Rockets,Wizards,195.0,14923.0,14994.0
Pistons,Grizzlies,196.0,14995.0,15077.0
Spurs,Raptors,197.0,15078.0,15133.0
Clippers,Bucks,198.0,15134.0,15215.0
Lakers,Timberwolves,199.0,15216.0,15291.0
Magic,Suns,200.0,15292.0,15374.0
Hawks,Mavericks,201.0,15375.0,15439.0
Nets,76ers,202.0,15440.0,15502.0
Bulls,Clippers,203.0,15503.0,15563.0
Hawks,Thunder,204.0,15564.0,15637.0
Knicks,Kings,205.0,15638.0,15722.0
Pacers,Heat,206.0,15723.0,15765.0
Celtics,Warriors,207.0,15766.0,15844.0
Bucks,Raptors,208.0,15845.0,15901.0
Pelicans,Wizards,209.0,15902.0,15987.0
Nuggets,Timberwolves,210.0,15988.0,16073.0
Suns,Trail Blazers,211.0,16074.0,16120.0
Celtics,Hornets,212.0,16121.0,16195.0
Bulls,Pelicans,213.0,16196.0,16256.0
Knicks,Trail Blazers,214.0,16257.0,16337.0
Grizzlies,Heat,215.0,16338.0,16402.0
76ers,Raptors,216.0,16403.0,16483.0
Thunder,Jazz,217.0,16484.0,16549.0
Pistons,Clippers,218.0,16550.0,16628.0
Pelicans,Trail Blazers,219.0,16629.0,16712.0
Celtics,Cavaliers,220.0,16713.0,16769.0
Rockets,Kings,221.0,16770.0,16841.0
Nets,Heat,222.0,16842.0,16914.0
Celtics,Pistons,223.0,16915.0,17007.0
Timberwolves,Knicks,224.0,17008.0,17098.0
Bulls,Grizzlies,225.0,17099.0,17165.0
Pelicans,Jazz,226.0,17166.0,17223.0
Clippers,Bucks,227.0,17224.0,17263.0
Hornets,Raptors,228.0,17264.0,17330.0
Cavaliers,Thunder,229.0,17331.0,17392.0
Nets,Pacers,230.0,17393.0,17450.0
Magic,Trail Blazers,231.0,17451.0,17524.0
Hawks,Celtics,232.0,17525.0,17613.0
Heat,Raptors,233.0,17614.0,17670.0
Bulls,Pistons,234.0,17671.0,17745.0
Timberwolves,Kings,235.0,17746.0,17832.0
Clippers,Spurs,236.0,17833.0,17922.0
Nuggets,Jazz,237.0,17923.0,17985.0
Warriors,Bucks,238.0,17986.0,18068.0
Hornets,Wizards,239.0,18069.0,18140.0
Pacers,Grizzlies,240.0,18141.0,18199.0
Heat,Trail Blazers,241.0,18200.0,18290.0
Bucks,Suns,242.0,18291.0,18354.0
Hawks,Magic,243.0,18355.0,18420.0
Kings,Raptors,244.0,18421.0,18481.0
Nuggets,Pelicans,245.0,18482.0,18563.0
Kings,Wizards,246.0,18564.0,18619.0
Knicks,Magic,247.0,18620.0,18675.0
Nets,Bulls,248.0,18676.0,18757.0
Hornets,Rockets,249.0,18758.0,18848.0
Clippers,Thunder,250.0,18849.0,18917.0
Pistons,Heat,251.0,18918.0,18989.0
Nuggets,Lakers,252.0,18990.0,19060.0
Cavaliers,Knicks,253.0,19061.0,19121.0
Pacers,Kings,254.0,19122.0,19174.0
Rockets,Magic,255.0,19175.0,19229.0
Grizzlies,Wizards,256.0,19230.0,19288.0
Nets,Mavericks,257.0,19289.0,19356.0
Nuggets,Suns,258.0,19357.0,19434.0
Warriors,Jazz,259.0,19435.0,19495.0
Heat,Pelicans,260.0,19496.0,19555.0
Cavaliers,Warriors,261.0,19556.0,19638.0
Rockets,Spurs,262.0,19639.0,19719.0
Bucks,Raptors,263.0,19720.0,19763.0
Hornets,Grizzlies,264.0,19764.0,19837.0
Heat,Magic,265.0,19838.0,19891.0
Rockets,Pelicans,266.0,19892.0,19960.0
Celtics,Pistons,267.0,19961.0,20078.0
Nets,Wizards,268.0,20079.0,20155.0
Pacers,Timberwolves,269.0,20156.0,20203.0
Bulls,Mavericks,270.0,20204.0,20294.0
Clippers,Jazz,271.0,20295.0,20369.0
Celtics,Knicks,272.0,20370.0,20445.0
Nuggets,Thunder,273.0,20446.0,20502.0
Trail Blazers,Kings,274.0,20503.0,20582.0
Hornets,Lakers,275.0,20583.0,20657.0
Hawks,Pacers,276.0,20658.0,20751.0
Mavericks,Bucks,277.0,20752.0,20816.0
Timberwolves,Spurs,278.0,20817.0,20910.0
Cavaliers,Suns,279.0,20911.0,20984.0
76ers,Jazz,280.0,20985.0,21078.0
Pistons,Knicks,281.0,21079.0,21147.0
Hawks,Rockets,282.0,21148.0,21258.0
Grizzlies,Heat,283.0,21259.0,21324.0
Bucks,Thunder,284.0,21325.0,21402.0
Nets,Magic,285.0,21403.0,21478.0
Celtics,Lakers,286.0,21479.0,21557.0
Raptors,Wizards,287.0,21558.0,21652.0
Bulls,Pacers,288.0,21653.0,21742.0
Timberwolves,Jazz,289.0,21743.0,21802.0
Nuggets,Trail Blazers,290.0,21803.0,21872.0
76ers,Kings,291.0,21873.0,21971.0
Warriors,Rockets,292.0,21972.0,22029.0
Clippers,Pelicans,293.0,22030.0,22126.0
Thunder,Suns,294.0,22127.0,22187.0
Magic,Wizards,295.0,22188.0,22241.0
Hornets,Raptors,296.0,22242.0,22306.0
Lakers,76ers,297.0,22307.0,22373.0
Nets,Celtics,298.0,22374.0,22445.0
Pistons,Pacers,299.0,22446.0,22513.0
Mavericks,Pelicans,300.0,22514.0,22575.0
Grizzlies,Jazz,301.0,22576.0,22642.0
Nuggets,Warriors,302.0,22643.0,22698.0
Nuggets,Trail Blazers,303.0,22699.0,22791.0
Timberwolves,76ers,304.0,22792.0,22849.0
Nets,Celtics,305.0,22850.0,22943.0
Pacers,Heat,306.0,22944.0,23014.0
Rockets,Jazz,307.0,23015.0,23096.0
Hawks,Knicks,308.0,23097.0,23175.0
Bulls,Bucks,309.0,23176.0,23232.0
Mavericks,Kings,310.0,23233.0,23300.0
Pacers,Magic,311.0,23301.0,23371.0
Cavaliers,Wizards,312.0,23372.0,23412.0
Celtics,Pistons,313.0,23413.0,23503.0
Nuggets,Timberwolves,314.0,23504.0,23579.0
Hornets,Suns,315.0,23580.0,23635.0
Clippers,Trail Blazers,316.0,23636.0,23690.0
Celtics,Bulls,317.0,23691.0,23771.0
Rockets,Jazz,318.0,23772.0,23849.0
Lakers,Kings,319.0,23850.0,23916.0
Nets,Magic,320.0,23917.0,23973.0
Nuggets,Grizzlies,321.0,23974.0,24046.0
Pacers,Pelicans,322.0,24047.0,24119.0
Mavericks,Bucks,323.0,24120.0,24187.0
Heat,Suns,324.0,24188.0,24250.0
Lakers,Thunder,325.0,24251.0,24335.0
Hornets,Clippers,326.0,24336.0,24389.0
Heat,Jazz,327.0,24390.0,24470.0
Mavericks,Timberwolves,328.0,24471.0,24537.0
Clippers,Pelicans,329.0,24538.0,24628.0
Cavaliers,76ers,330.0,24629.0,24681.0
Celtics,Grizzlies,331.0,24682.0,24798.0
Hornets,Nuggets,332.0,24799.0,24861.0
Thunder,Trail Blazers,333.0,24862.0,24930.0
Warriors,Heat,334.0,24931.0,25004.0
Pacers,Suns,335.0,25005.0,25079.0
Pistons,Spurs,336.0,25080.0,25175.0
Celtics,Knicks,337.0,25176.0,25246.0
Rockets,Grizzlies,338.0,25247.0,25304.0
Bulls,Bucks,339.0,25305.0,25388.0
Timberwolves,Thunder,340.0,25389.0,25471.0
Cavaliers,Mavericks,341.0,25472.0,25543.0
Lakers,Pelicans,342.0,25544.0,25610.0
Bucks,Wizards,343.0,25611.0,25699.0
Nets,Knicks,344.0,25700.0,25792.0
Celtics,Pacers,345.0,25793.0,25861.0
Rockets,Timberwolves,346.0,25862.0,25924.0
Bulls,76ers,347.0,25925.0,25977.0
Magic,Raptors,348.0,25978.0,26043.0
Pistons,Grizzlies,349.0,26044.0,26093.0
Cavaliers,Spurs,350.0,26094.0,26163.0
Kings,Jazz,351.0,26164.0,26250.0
Nets,Trail Blazers,352.0,26251.0,26328.0
Bulls,Mavericks,353.0,26329.0,26392.0
Hornets,Pelicans,354.0,26393.0,26454.0
Hawks,Bucks,355.0,26455.0,26527.0
Nuggets,Heat,356.0,26528.0,26588.0
Celtics,Wizards,357.0,26589.0,26690.0
Grizzlies,Knicks,358.0,26691.0,26776.0
Clippers,Kings,359.0,26777.0,26864.0
Nuggets,Pacers,360.0,26865.0,26965.0
Knicks,76ers,361.0,26966.0,27045.0
Hornets,Jazz,362.0,27046.0,27106.0
Grizzlies,Pelicans,363.0,27107.0,27175.0
Bulls,Pistons,364.0,27176.0,27261.0
Nets,Raptors,365.0,27262.0,27316.0
Celtics,Mavericks,366.0,27317.0,27402.0
Rockets,Clippers,367.0,27403.0,27486.0
Timberwolves,Pelicans,368.0,27487.0,27541.0
Nuggets,Thunder,369.0,27542.0,27637.0
Magic,76ers,370.0,27638.0,27686.0
Knicks,Jazz,371.0,27687.0,27767.0
Celtics,Raptors,372.0,27768.0,27828.0
Mavericks,Timberwolves,373.0,27829.0,27879.0
Hawks,Trail Blazers,374.0,27880.0,27962.0
Cavaliers,Clippers,375.0,27963.0,28048.0
Nuggets,Grizzlies,376.0,28049.0,28118.0
Hawks,Kings,377.0,28119.0,28209.0
Celtics,Bulls,378.0,28210.0,28281.0
Rockets,Bucks,379.0,28282.0,28362.0
Warriors,Pacers,380.0,28363.0,28428.0
Grizzlies,Timberwolves,381.0,28429.0,28498.0
Hawks,Suns,382.0,28499.0,28571.0
Nuggets,Pistons,383.0,28572.0,28640.0
Pacers,Kings,384.0,28641.0,28738.0
Nets,Thunder,385.0,28739.0,28811.0
Cavaliers,Timberwolves,386.0,28812.0,28905.0
Bulls,Heat,387.0,28906.0,28967.0
Grizzlies,Magic,388.0,28968.0,29019.0
Rockets,Pelicans,389.0,29020.0,29083.0
Pistons,Jazz,390.0,29084.0,29152.0
Hornets,Kings,391.0,29153.0,29230.0
Pacers,Clippers,392.0,29231.0,29314.0
76ers,Suns,393.0,29315.0,29380.0
Nets,Heat,394.0,29381.0,29438.0
Knicks,Thunder,395.0,29439.0,29496.0
Bucks,Magic,396.0,29497.0,29576.0
Mavericks,Lakers,397.0,29577.0,29641.0
Pistons,76ers,398.0,29642.0,29729.0
Hawks,Clippers,399.0,29730.0,29830.0
Timberwolves,Thunder,400.0,29831.0,29904.0
Hawks,Pacers,401.0,29905.0,29969.0
Nuggets,Wizards,402.0,29970.0,30059.0
Knicks,Raptors,403.0,30060.0,30122.0
Rockets,Thunder,404.0,30123.0,30205.0
Heat,Bucks,405.0,30206.0,30279.0
Clippers,Lakers,406.0,30280.0,30333.0
Nuggets,Pacers,407.0,30334.0,30404.0
Nets,Pelicans,408.0,30405.0,30464.0
Rockets,Wizards,409.0,30465.0,30564.0
Grizzlies,Kings,410.0,30565.0,30667.0
Celtics,Magic,411.0,30668.0,30790.0
Mavericks,Suns,412.0,30791.0,30855.0
Timberwolves,Trail Blazers,413.0,30856.0,30933.0
Cavaliers,Pacers,414.0,30934.0,30999.0
Nets,Pistons,415.0,31000.0,31063.0
Grizzlies,Pelicans,416.0,31064.0,31117.0
Bulls,Jazz,417.0,31118.0,31197.0
Bucks,Kings,418.0,31198.0,31281.0
Celtics,Knicks,419.0,31282.0,31346.0
Bucks,Trail Blazers,420.0,31347.0,31415.0
Lakers,Timberwolves,421.0,31416.0,31486.0
Hornets,Cavaliers,422.0,31487.0,31544.0
Warriors,Wizards,423.0,31545.0,31611.0
Thunder,Magic,424.0,31612.0,31672.0
Mavericks,Heat,425.0,31673.0,31741.0
Pelicans,Spurs,426.0,31742.0,31811.0
Nuggets,Jazz,427.0,31812.0,31912.0
Bulls,Kings,428.0,31913.0,32021.0
Clippers,Timberwolves,429.0,32022.0,32107.0
Pistons,Knicks,430.0,32108.0,32192.0
Lakers,Pelicans,431.0,32193.0,32256.0
Rockets,Suns,432.0,32257.0,32325.0
Hawks,Pacers,433.0,32326.0,32407.0
Hornets,Heat,434.0,32408.0,32480.0
Celtics,Cavaliers,435.0,32481.0,32591.0
Grizzlies,Knicks,436.0,32592.0,32663.0
Bulls,Nuggets,437.0,32664.0,32746.0
Bucks,Jazz,438.0,32747.0,32815.0
Hornets,Wizards,439.0,32816.0,32894.0
Pistons,Pacers,440.0,32895.0,32992.0
Cavaliers,Pelicans,441.0,32993.0,33044.0
Nets,76ers,442.0,33045.0,33135.0
Mavericks,Grizzlies,443.0,33136.0,33196.0
Bulls,Timberwolves,444.0,33197.0,33253.0
Lakers,Spurs,445.0,33254.0,33328.0
Warriors,Thunder,446.0,33329.0,33398.0
Nuggets,Knicks,447.0,33399.0,33460.0
Hawks,Magic,448.0,33461.0,33520.0
Clippers,Heat,449.0,33521.0,33557.0
Celtics,Kings,450.0,33558.0,33621.0
Pacers,Lakers,451.0,33622.0,33704.0
Clippers,76ers,452.0,33705.0,33778.0
Nets,Nuggets,453.0,33779.0,33844.0
Hawks,Magic,454.0,33845.0,33929.0
Grizzlies,Trail Blazers,455.0,33930.0,34010.0
Thunder,Suns,456.0,34011.0,34095.0
Knicks,Wizards,457.0,34096.0,34185.0
Mavericks,Jazz,458.0,34186.0,34274.0
Magic,Spurs,459.0,34275.0,34343.0
76ers,Kings,460.0,34344.0,34424.0
Celtics,Clippers,461.0,34425.0,34529.0
Nuggets,Pistons,462.0,34530.0,34587.0
Timberwolves,Raptors,463.0,34588.0,34676.0
Pelicans,Jazz,464.0,34677.0,34764.0
Rockets,Trail Blazers,465.0,34765.0,34826.0
Bucks,Wizards,466.0,34827.0,34894.0
Clippers,Spurs,467.0,34895.0,34949.0
Mavericks,Magic,468.0,34950.0,35018.0
Hawks,Heat,469.0,35019.0,35092.0
Grizzlies,Timberwolves,470.0,35093.0,35187.0
Pelicans,76ers,471.0,35188.0,35267.0
Pacers,Thunder,472.0,35268.0,35334.0
Hornets,Bucks,473.0,35335.0,35407.0
Nuggets,Kings,474.0,35408.0,35491.0
Lakers,Spurs,475.0,35492.0,35564.0
Hawks,Bucks,476.0,35565.0,35653.0
Pistons,Pelicans,477.0,35654.0,35735.0
Suns,Spurs,478.0,35736.0,35821.0
Nets,Hornets,479.0,35822.0,35880.0
Pacers,Magic,480.0,35881.0,35964.0
Grizzlies,Raptors,481.0,35965.0,36037.0
Bulls,Lakers,482.0,36038.0,36114.0
Trail Blazers,Jazz,483.0,36115.0,36211.0
Pacers,Heat,484.0,36212.0,36284.0
Hawks,Warriors,485.0,36285.0,36359.0
Celtics,Timberwolves,486.0,36360.0,36455.0
Magic,76ers,487.0,36456.0,36551.0
Nuggets,Kings,488.0,36552.0,36632.0
Rockets,Jazz,489.0,36633.0,36720.0
Nets,Trail Blazers,490.0,36721.0,36791.0
Pacers,Knicks,491.0,36792.0,36857.0
Warriors,Heat,492.0,36858.0,36949.0
Timberwolves,Raptors,493.0,36950.0,37012.0
Bulls,Wizards,494.0,37013.0,37078.0
Nuggets,Clippers,495.0,37079.0,37147.0
Celtics,Bucks,496.0,37148.0,37210.0
Pelicans,Thunder,497.0,37211.0,37284.0
Rockets,Trail Blazers,498.0,37285.0,37371.0
Hornets,Pacers,499.0,37372.0,37439.0
76ers,Wizards,500.0,37440.0,37534.0
Cavaliers,Raptors,501.0,37535.0,37607.0
Celtics,Heat,502.0,37608.0,37684.0
Timberwolves,Pelicans,503.0,37685.0,37755.0
Bulls,Trail Blazers,504.0,37756.0,37841.0
Warriors,Thunder,505.0,37842.0,37915.0
Grizzlies,Suns,506.0,37916.0,37997.0
Hawks,Hornets,507.0,37998.0,38062.0
Cavaliers,Pacers,508.0,38063.0,38146.0
76ers,Wizards,509.0,38147.0,38212.0
Celtics,Jazz,510.0,38213.0,38294.0
Rockets,Bucks,511.0,38295.0,38376.0
Nuggets,Grizzlies,512.0,38377.0,38447.0
Nets,Clippers,513.0,38448.0,38500.0
Bulls,Heat,514.0,38501.0,38570.0
Hawks,Warriors,515.0,38571.0,38654.0
Nets,Lakers,516.0,38655.0,38739.0
Raptors,Jazz,517.0,38740.0,38805.0
Rockets,Pelicans,518.0,38806.0,38888.0
Grizzlies,Kings,519.0,38889.0,38952.0
Pacers,Bucks,520.0,38953.0,39044.0
Nuggets,Lakers,521.0,39045.0,39111.0
Pelicans,Spurs,522.0,39112.0,39162.0
Warriors,Thunder,523.0,39163.0,39229.0
Hornets,Pacers,524.0,39230.0,39300.0
Celtics,Knicks,525.0,39301.0,39368.0
Trail Blazers,Raptors,526.0,39369.0,39475.0
Grizzlies,Jazz,527.0,39476.0,39571.0
Nets,Nuggets,528.0,39572.0,39653.0
Celtics,Cavaliers,529.0,39654.0,39726.0
Pacers,Wizards,530.0,39727.0,39818.0
Hawks,Clippers,531.0,39819.0,39905.0
Bucks,Thunder,532.0,39906.0,39985.0
Grizzlies,Suns,533.0,39986.0,40048.0
Mavericks,Nuggets,534.0,40049.0,40115.0
Heat,76ers,535.0,40116.0,40186.0
Rockets,Raptors,536.0,40187.0,40265.0
Cavaliers,Grizzlies,537.0,40266.0,40339.0
Pacers,Spurs,538.0,40340.0,40423.0
Bulls,Bucks,539.0,40424.0,40486.0
Pelicans,Kings,540.0,40487.0,40558.0
Warriors,Magic,541.0,40559.0,40630.0
Nuggets,Knicks,542.0,40631.0,40691.0
Hawks,Jazz,543.0,40692.0,40791.0
Trail Blazers,Wizards,544.0,40792.0,40863.0
Hornets,Pelicans,545.0,40864.0,40931.0
Rockets,76ers,546.0,40932.0,41004.0
Heat,Bucks,547.0,41005.0,41081.0
Mavericks,Pistons,548.0,41082.0,41162.0
Cavaliers,Kings,549.0,41163.0,41241.0
Hawks,Raptors,550.0,41242.0,41309.0
Bulls,Spurs,551.0,41310.0,41374.0
Nuggets,Suns,552.0,41375.0,41425.0
Nets,76ers,553.0,41426.0,41485.0
Celtics,Rockets,554.0,41486.0,41563.0
Grizzlies,Pelicans,555.0,41564.0,41639.0
Timberwolves,Thunder,556.0,41640.0,41725.0
Clippers,Knicks,557.0,41726.0,41798.0
Mavericks,Pacers,558.0,41799.0,41874.0
Pistons,76ers,559.0,41875.0,41930.0
Heat,Raptors,560.0,41931.0,42008.0
Bucks,Pelicans,561.0,42009.0,42079.0
Thunder,Spurs,562.0,42080.0,42163.0
Nuggets,Wizards,563.0,42164.0,42247.0
Warriors,Suns,564.0,42248.0,42311.0
Nets,Bucks,565.0,42312.0,42378.0
Lakers,Knicks,566.0,42379.0,42430.0
Hornets,Mavericks,567.0,42431.0,42478.0
Nuggets,Heat,568.0,42479.0,42542.0
Bulls,Raptors,569.0,42543.0,42636.0
Cavaliers,Jazz,570.0,42637.0,42705.0
Timberwolves,Suns,571.0,42706.0,42791.0
Celtics,Pacers,572.0,42792.0,42887.0
Cavaliers,Mavericks,573.0,42888.0,42956.0
Hawks,Pistons,574.0,42957.0,43075.0
Pacers,Raptors,575.0,43076.0,43130.0
76ers,Wizards,576.0,43131.0,43233.0
Hornets,Heat,577.0,43234.0,43319.0
Nets,Bulls,578.0,43320.0,43382.0
Grizzlies,Bucks,579.0,43383.0,43472.0
Cavaliers,Magic,580.0,43473.0,43542.0
Pistons,Kings,581.0,43543.0,43611.0
Rockets,Timberwolves,582.0,43612.0,43669.0
Pelicans,Trail Blazers,583.0,43670.0,43747.0
Mavericks,Warriors,584.0,43748.0,43812.0
Hawks,Rockets,585.0,43813.0,43872.0
Pacers,Thunder,586.0,43873.0,43953.0
Knicks,Wizards,587.0,43954.0,44010.0
Clippers,Grizzlies,588.0,44011.0,44100.0
Warriors,Spurs,589.0,44101.0,44167.0
Mavericks,Trail Blazers,590.0,44168.0,44237.0
Magic,Raptors,591.0,44238.0,44326.0
Celtics,76ers,592.0,44327.0,44391.0
Clippers,Pelicans,593.0,44392.0,44493.0
Knicks,Kings,594.0,44494.0,44548.0
Hornets,Spurs,595.0,44549.0,44622.0
Celtics,Magic,596.0,44623.0,44679.0
Pistons,Bucks,597.0,44680.0,44744.0
Hawks,Wizards,598.0,44745.0,44811.0
Bulls,Kings,599.0,44812.0,44878.0
Warriors,Timberwolves,600.0,44879.0,44956.0
Grizzlies,Suns,601.0,44957.0,45032.0
Nets,Hornets,602.0,45033.0,45097.0
Heat,Pelicans,603.0,45098.0,45163.0
Rockets,Thunder,604.0,45164.0,45254.0
Lakers,Grizzlies,605.0,45255.0,45311.0
Celtics,Raptors,606.0,45312.0,45366.0
Cavaliers,Bucks,607.0,45367.0,45422.0
Rockets,Jazz,608.0,45423.0,45482.0
Timberwolves,Kings,609.0,45483.0,45552.0
Nuggets,76ers,610.0,45553.0,45643.0
Lakers,Suns,611.0,45644.0,45714.0
Pacers,Pelicans,612.0,45715.0,45774.0
Nets,Cavaliers,613.0,45775.0,45837.0
Clippers,Trail Blazers,614.0,45838.0,45930.0
Timberwolves,Wizards,615.0,45931.0,45993.0
Hawks,Bucks,616.0,45994.0,46075.0
Rockets,Raptors,617.0,46076.0,46192.0
Grizzlies,Spurs,618.0,46193.0,46264.0
Nets,Pacers,619.0,46265.0,46342.0
Celtics,Suns,620.0,46343.0,46423.0
Rockets,Pacers,621.0,46424.0,46498.0
Hawks,Bulls,622.0,46499.0,46580.0
Timberwolves,Suns,623.0,46581.0,46657.0
Pelicans,Knicks,624.0,46658.0,46763.0
Mavericks,Nuggets,625.0,46764.0,46832.0
Bulls,Pacers,626.0,46833.0,46895.0
Pistons,Thunder,627.0,46896.0,46976.0
Cavaliers,Rockets,628.0,46977.0,47064.0
Bucks,Suns,629.0,47065.0,47142.0
Mavericks,Knicks,630.0,47143.0,47213.0
Warriors,Jazz,631.0,47214.0,47301.0
Lakers,Heat,632.0,47302.0,47362.0
Bulls,Rockets,633.0,47363.0,47452.0
Nuggets,Pelicans,634.0,47453.0,47522.0
Clippers,Thunder,635.0,47523.0,47585.0
Celtics,Trail Blazers,636.0,47586.0,47675.0
Hornets,76ers,637.0,47676.0,47741.0
Mavericks,Pistons,638.0,47742.0,47802.0
Hawks,Cavaliers,639.0,47803.0,47872.0
Grizzlies,Raptors,640.0,47873.0,47958.0
Bucks,Magic,641.0,47959.0,48030.0
Heat,Kings,642.0,48031.0,48109.0
Celtics,Warriors,643.0,48110.0,48186.0
Suns,Wizards,644.0,48187.0,48267.0
Pacers,76ers,645.0,48268.0,48338.0
Bulls,Pistons,646.0,48339.0,48426.0
Spurs,Raptors,647.0,48427.0,48496.0
Nuggets,Kings,648.0,48497.0,48567.0
Hornets,Cavaliers,649.0,48568.0,48620.0
Rockets,Thunder,650.0,48621.0,48699.0
Clippers,Wizards,651.0,48700.0,48791.0
Bulls,Bucks,652.0,48792.0,48849.0
Pacers,Knicks,653.0,48850.0,48929.0
Celtics,Lakers,654.0,48930.0,49007.0
Hawks,Suns,655.0,49008.0,49072.0
Spurs,Jazz,656.0,49073.0,49127.0
Trail Blazers,Kings,657.0,49128.0,49202.0
Warriors,Timberwolves,658.0,49203.0,49251.0
Pistons,Magic,659.0,49252.0,49327.0
Celtics,Pelicans,660.0,49328.0,49412.0
Mavericks,Rockets,661.0,49413.0,49504.0
Hawks,Raptors,662.0,49505.0,49581.0
Bulls,Heat,663.0,49582.0,49660.0
Rockets,Suns,664.0,49661.0,49745.0
Heat,Magic,665.0,49746.0,49824.0
Pistons,Wizards,666.0,49825.0,49889.0
Nuggets,Spurs,667.0,49890.0,49956.0
Clippers,Jazz,668.0,49957.0,50017.0
Hawks,Celtics,669.0,50018.0,50096.0
Warriors,Grizzlies,670.0,50097.0,50175.0
Timberwolves,Trail Blazers,671.0,50176.0,50258.0
Thunder,Kings,672.0,50259.0,50348.0
Hornets,Wizards,673.0,50349.0,50411.0
Rockets,Lakers,674.0,50412.0,50482.0
Mavericks,Clippers,675.0,50483.0,50552.0
Bucks,76ers,676.0,50553.0,50622.0
Warriors,Spurs,677.0,50623.0,50683.0
Knicks,Raptors,678.0,50684.0,50775.0
Bucks,Magic,679.0,50776.0,50847.0
Bulls,Pelicans,680.0,50848.0,50911.0
Pistons,Heat,681.0,50912.0,50973.0
Thunder,Spurs,682.0,50974.0,51043.0
Celtics,Heat,683.0,51044.0,51116.0
Nets,Raptors,684.0,51117.0,51180.0
Hornets,Magic,685.0,51181.0,51245.0
Cavaliers,Pistons,686.0,51246.0,51310.0
Hawks,Wizards,687.0,51311.0,51376.0
Mavericks,Spurs,688.0,51377.0,51473.0
